<?xml version="1.0" encoding="UTF-8"?>
<project-private xmlns="http://www.netbeans.org/ns/project-private/1">
    <editor-bookmarks xmlns="http://www.netbeans.org/ns/editor-bookmarks/2" lastBookmarkId="0"/>
    <open-files xmlns="http://www.netbeans.org/ns/projectui-open-files/2">
        <group>
            <file>file:/C:/Users/Exo3/Desktop/Java%20Programs/Sprout-master/src/sprout/Sprout.java</file>
            <file>file:/C:/Users/Exo3/Desktop/Java%20Programs/Sprout-master/src/Graphics/Graphics.java</file>
            <file>file:/C:/Users/Exo3/Desktop/Java%20Programs/Sprout-master/src/Model/Model.java</file>
            <file>file:/C:/Users/Exo3/Desktop/Java%20Programs/Sprout-master/src/Persistance/Persistance.java</file>
            <file>file:/C:/Users/Exo3/Desktop/Java%20Programs/Sprout-master/src/ViewAndControl/ViewAndControl.java</file>
        </group>
    </open-files>
</project-private>
